INSERT INTO Beekeepers (beekeeper_id, first_name,last_name,city, email, phone)
VALUES
(1, 'Петър','Иванов', 'София', 'peterivanov@email.com', '0888123456'),
(2, 'Мария','Петрова', 'Пловдив', 'mariapetrova@email.com', '0899123456'),
(3, 'Георги','Димитров', 'Варна', 'georgidimitrov@email.com', '0887123456'),
(4, 'Ива','Иванова', 'Бургас', 'ivaivanova@email.com', '0896123456'),
(5, 'Николай','Петров', 'Русе', 'nikolaypetrov@email.com', '0885123456'),
(6, 'София','Георгиева', 'Плевен', 'sofiageorgieva@email.com', '0894123456'),
(7, 'Иван','Стоянов', 'Благоевград', 'ivanstoyanov@email.com', '0883123456'),
(8, 'Стефан','Иванов', 'Стара Загора', 'stefanivanov@email.com', '0892123456'),
(9, 'Ана','Петрова', 'Добрич', 'anapetrova@email.com', '0882123456'),
(10, 'Димитър','Димитров', 'Враца', 'dimitardimitrov@email.com', '0891123456'),
(11, 'Петър','Сотиров', 'София', 'petersotirov@email.com', '0888133456'),
(12, 'Стоян','Петров', 'Плолвдив', 'stoianpetrov@email.com', '0893123456'),
(13, 'Георги','Делинов', 'Варна', 'georgidelinov@email.com', '0883123456'),
(14, 'Петя','Иванова', 'Бургас', 'petiaivanova@email.com', '0896323456'),
(15, 'Николай','Пешев', 'Русе', 'nikolaypeshev@email.com', '0885133456'),
(16, 'Силвия','Георгиева', 'Плевен', 'silviageorgieva@email.com', '0894133456'),
(17, 'Иван','Петров', 'Благоевград', 'ivanpetrov@email.com', '0883125456'),
(18, 'Слави','Иванов', 'Стара Загора', 'slaviivanov@email.com', '0892125456'),
(19, 'Антония','Петрова', 'Добрич', 'antoniapetrova@email.com', '0882125456'),
(20, 'Драган','Димитров', 'Враца', 'dragandimitrov@email.com', '0891123556');

INSERT INTO Apiaries (apiary_id, name, city, area_sqm, beekeeper_id) 
VALUES
(1, 'Красив пчелин', 'Бургас', 1200, 3),
(2, 'Слънчев пчелин', 'Варна', 800, 4),
(3, 'Медена гора', 'Пловдив', 500, 2),
(4, 'Щастлива пчела', 'Благоевград', 1000, 1),
(5, 'Златни пчели', 'Видин', 700, 5),
(6, 'Пчелно място', 'София', 1500, 3),
(7, 'Цвете', 'Добрич', 400, 6),
(8, 'Пчелно семейство', 'Бургас', 900, 7),
(9, 'Медена фабрика', 'Русе', 600, 8),
(10, 'Кралска пчела', 'София', 800, 9),
(11, 'Бъз', 'Плевен', 300, 5),
(12, 'Пчелна ферма', 'Пазарджик', 1200, 10),
(13, 'Пчела', 'Варна', 650, 2),
(14, 'Меден рай', 'Хасково', 1000, 4),
(15, 'Красива пчела', 'Бургас', 1200, 3),
(16, 'Слънчева пчела', 'Варна', 800, 4),
(17, 'Меден пчелин', 'Пловдив', 500, 2),
(18, 'Щастлив кошер', 'Благоевград', 1000, 1),
(19, 'Златен пчелин', 'Видин', 700, 5),
(20, 'Пчелен рай', 'София', 1500, 3),
(21, 'Пчелно цвете', 'Добрич', 400, 6),
(22, 'Медено семейство', 'Бургас', 900, 7),
(23, 'Пчелна фабрика', 'Русе', 600, 8),
(24, 'Кралски кошер', 'София', 800, 9),
(25, 'Бъз Бъз', 'Плевен', 300, 5),
(26, 'Медена ферма', 'Пазарджик', 1200, 10),
(27, 'Кошер', 'Варна', 650, 2),
(28, 'Горски кошер', 'Хасково', 1000, 4),
(29, 'Мед', 'Варна', 650, 2),
(30, 'Пчелен прашец', 'Хасково', 1000, 4);

INSERT INTO ProducedHoney (honey_id, name, quantity_kg, production_date, apiary_id, beekeeper_id , honey_number)
VALUES
(1, 'Акациев мед', 1120.50, '2023-04-15', 1, 3 ,1),
(2, 'Манов мед', 275.20, '2023-05-01', 2, 4 ,2),
(3, 'Мед от горски цветя', 398.30, '2023-04-30', 3, 2 ,3),
(4, 'Розов мед', 150.00, '2023-05-02', 4, 1 ,4),
(5, 'Боровинков мед', 140.80, '2023-04-20', 5, 5 ,5),
(6, 'Букет', 85.30, '2023-05-03', 6, 3 ,6),
(7, 'Акациев мед', 2120.50, '2023-04-15', 7, 6 ,1),
(8, 'Манов мед', 375.20, '2023-05-01', 9, 8 ,2),
(9, 'Мед от горски цветя', 348.30, '2023-04-30', 10, 9 ,3),
(10, 'Розов мед', 250.00, '2023-05-02', 12, 10 ,4),
(11, 'Мед от горски цветя', 198.30, '2023-04-30', 8, 7 ,3),
(12, 'Розов мед', 350.00, '2023-05-02', 11, 5,4),
(13, 'Боровинков мед', 340.80, '2023-04-20', 13, 2,5),
(14, 'Букет', 385.30, '2023-05-03', 14, 4,6),
(15, 'Акациев мед', 1120.50, '2023-04-15', 1, 3 ,1),
(16, 'Манов мед', 275.20, '2023-05-01', 2, 4 ,2),
(17, 'Мед от горски цветя', 398.30, '2023-04-30', 3, 2 ,3),
(18, 'Розов мед', 150.00, '2023-05-02', 4, 1 ,4),
(19, 'Боровинков мед', 140.80, '2023-04-20', 5, 5 ,5),
(20, 'Букет', 85.30, '2023-05-03', 6, 3 ,6),
(21, 'Акациев мед', 2120.50, '2023-04-15', 7, 6 ,1),
(22, 'Манов мед', 375.20, '2023-05-01', 9, 8 ,2),
(23, 'Мед от горски цветя', 348.30, '2023-04-30', 10, 9 ,3),
(24, 'Розов мед', 250.00, '2023-05-02', 12, 10 ,4),
(25, 'Мед от горски цветя', 198.30, '2023-04-30', 8, 7 ,3),
(26, 'Розов мед', 350.00, '2023-05-02', 11, 5,4),
(27, 'Боровинков мед', 340.80, '2023-04-20', 13, 2,5),
(28, 'Букет', 385.30, '2023-05-03', 14, 4,6),
(29, 'Боровинков мед', 340.80, '2023-04-20', 13, 2,5),
(30, 'Букет', 385.30, '2023-05-03', 14, 4,6);

INSERT INTO Warehouse (item_id, product_name, quantity_kg, reception_date, honey_id, honey_number)
VALUES 
(1, 'Акациев мед', 21180.50, '2023-04-15', 1 ,1),
(2, 'Манов мед', 22675.20, '2023-05-01',2 ,2),
(3, 'Мед от горски цветя', 22308.30, '2023-04-30',3 ,3),
(4, 'Розов мед', 21180.50, '2023-04-15', 4 ,4),
(5, 'Боровинков мед', 3675.20, '2023-05-01', 5 ,5),
(6, 'Букет', 3308.30, '2023-04-30', 6,6);

INSERT INTO Customers (customer_id, customer_first_name,customer_last_name,customer_city, customer_phone, customer_email)
VALUES
(1, 'Иван','Иванов', 'София', '0888 123456', 'ivan.ivanov@email.com'),
(2, 'Петър','Петров', 'София', '0889 234567', 'petar.petrov@email.com'),
(3, 'Мария','Георгиева', 'Пловдив', '0888 345678', 'maria.georgieva@email.com'),
(4, 'Георги','Стоянов', 'Благоевград', '0889 456789', 'georgi.stoyanov@email.com'),
(5, 'Ана','Петрова', 'Варна', '0888 567890', 'ana.petrova@email.com'),
(6, 'Антония','Петрова', 'Бургас', '0888 567891', 't.petrova@email.com'),
(7, 'Йоан','Иванов', 'София', '0888 123456', 'ioan.ivanov@email.com'),
(8, 'Пешо','Петров', 'София', '0889 234567', 'pesho.petrov@email.com'),
(9, 'Моника','Георгиева', 'Пловдив', '0888 345678', 'monika.georgieva@email.com'),
(10, 'Гошо','Стоянов', 'Благоевград', '0889 456789', 'gosho.stoyanov@email.com'),
(11, 'Антонина','Петрова', 'Варна', '0888 567890', 'antonina.petrova@email.com'),
(12, 'Петя','Петрова', 'Бургас', '0888 567891', 'p.petrova@email.com');

INSERT INTO Sales (sale_id, customer_first_name,customer_last_name, customer_id, product_name,item_id, quantity_kg, price_per_kg, sale_date)
VALUES
(1, 'Иван','Иванов', 1, 'Акациев мед',1, 1110.5, 8.50, '2023-09-10'),
(2, 'Петър','Петров', 2, 'Манов мед',2, 118.2, 7.25, '2023-07-11'),
(3, 'Мария','Георгиева', 3, 'Мед от горски цветя',3, 715.3, 12.00, '2023-10-12'),
(4, 'Георги','Стоянов', 4, 'Розов мед',4, 75.7, 9.75, '2023-12-13'),
(5, 'Ана','Петрова', 5, 'Боровинков мед',5, 520.1, 6.80, '2023-07-14'),
(6, 'Антония','Петрова', 6,'Букет',6, 1020.1, 6.80, '2023-05-14'),
(7, 'Мария','Георгиева', 3, 'Акациев мед', 1,115.3, 8.50, '2023-10-12'),
(8, 'Георги','Стоянов', 4, 'Манов мед',2, 75.7, 7.25, '2023-12-13'),
(9, 'Ана','Петрова', 5, 'Мед от горски цветя', 3,220.1, 12.00, '2023-07-14'),
(10, 'Антония','Петрова', 6,'Розов мед',4, 120.1, 9.75, '2023-05-14'),
(11, 'Иван','Иванов', 1, 'Акациев мед', 1,110.5, 8.50, '2023-09-10'),
(12, 'Петър','Петров', 2, 'Манов мед',2, 88.2, 7.25, '2023-07-11'),
(13, 'Мария','Георгиева', 3, 'Мед от горски цветя', 3,75.3, 12.00, '2023-10-12'),
(14, 'Георги','Стоянов', 4, 'Розов мед', 4,75.7, 9.75, '2023-12-13'),
(15, 'Ана','Петрова', 5, 'Боровинков мед', 5,120.1, 6.80, '2023-07-14'),
(16,  'Йоан','Иванов', 7, 'Акациев мед', 1,1110.5, 8.50, '2023-09-10'),
(17, 'Пешо','Петров', 8, 'Манов мед', 2,118.2, 7.25, '2023-07-11'),
(18, 'Моника','Георгиева', 9, 'Мед от горски цветя', 3,715.3, 12.00, '2023-10-12'),
(19, 'Гошо','Стоянов', 10, 'Розов мед', 4,75.7, 9.75, '2023-12-13'),
(20, 'Антонина','Петрова', 11, 'Боровинков мед', 5,520.1, 6.80, '2023-07-14'),
(21, 'Петя','Петрова', 12,'Букет',6, 1020.1, 6.80, '2023-05-14'),
(22,  'Йоан','Иванов', 7, 'Акациев мед',1, 1110.5, 8.50, '2023-09-10'),
(23, 'Пешо','Петров', 8, 'Манов мед',2, 118.2, 7.25, '2023-07-11'),
(24, 'Моника','Георгиева', 9, 'Мед от горски цветя',3, 715.3, 12.00, '2023-10-12'),
(25, 'Гошо','Стоянов', 10, 'Розов мед',4, 75.7, 9.75, '2023-12-13'),
(26, 'Антонина','Петрова', 11, 'Боровинков мед',5, 520.1, 6.80, '2023-07-14'),
(27, 'Петя','Петрова', 12,'Букет', 6,1020.1, 6.80, '2023-05-14');

